9a1759,127.0.0.1,GET,http://127.0.0.1/project/web/index_dev.php/,1516005787,,200
c4ace5,127.0.0.1,GET,http://127.0.0.1/project/web/index_dev.php/,1516005804,,200
379a54,127.0.0.1,GET,http://127.0.0.1/project/web/index_dev.php/formulaireContact,1516005937,,200
719200,127.0.0.1,GET,http://127.0.0.1/project/web/index_dev.php/,1516005946,,200
74d5f0,127.0.0.1,GET,http://127.0.0.1/project/web/index_dev.php/formulaireContact,1516005949,,200
1a681c,127.0.0.1,GET,http://127.0.0.1/project/web/index_dev.php/,1516005952,,200
fb9d7d,127.0.0.1,GET,http://127.0.0.1/project/web/index_dev.php/,1516006054,,200
b535b8,127.0.0.1,GET,http://127.0.0.1/project/web/index_dev.php/,1516007129,,200
d6b7d0,127.0.0.1,GET,http://127.0.0.1/project/web/index_dev.php/,1516007137,,200
e3b1be,127.0.0.1,GET,http://127.0.0.1/project/web/index_dev.php/,1516007166,,200
2f5d16,::1,GET,http://localhost/project/web/index_dev.php/,1516022520,,200
